,Sequence,Z0,Z1
0,AAAABBBBBABABBAAAAAA,2.3991299,9.114461
1,AAAABBBBBBBABAAAAAAA,1.899087,9.514321
2,AAABABABABBBBAABAAAA,4.394709,7.3702097
3,AAABABABBBABABAABAAA,5.8314505,7.1284404
4,AAABBAABAAABBBBBAAAA,7.4257975,7.946876
5,AAABBAABBBBAAAABBAAA,6.951054,7.4253616
6,AAABBABABBABBAAABAAA,5.2645864,7.734546
7,AAABBABBAABABABBAAAA,4.8662763,8.902979
8,AAABBABBBAAABBBAAAAA,3.4641204,8.810063
9,AAABBABBBABAABAABAAA,6.0031333,6.8112307
10,AAABBABBBABBAAABAAAA,3.8127687,8.03825
11,AAABBBAABBAABBAABAAA,8.194834,7.925737
12,AAABBBABAABBAAABBAAA,9.613258,9.177191
13,AAABBBABAABBBAABAAAA,4.841181,7.982154
14,AAABBBBABABBAAABAAAA,3.7057233,7.900101
15,AAABBBBABBBAAAABAAAA,2.5174563,8.570356
16,AAABBBBBBBBAAAAAAAAA,1.8825923,9.588849
17,AABAAAAABBBABBBBAAAA,3.2697089,7.949405
18,AABAABAABABBBABABAAA,5.293724,5.6644616
19,AABAABABBAABBBBAAAAA,4.7544355,7.899725
20,AABAABABBBABABBAAAAA,3.4521282,8.768402
21,AABAABBAABBABBAABAAA,6.6571665,6.120966
22,AABAABBABABABABAABAA,8.155484,3.043873
23,AABAABBABABABABABAAA,7.0333776,3.9270933
24,AABABAAAAABBBBBBAAAA,5.545659,6.6959095
25,AABABAAABABBAABBBAAA,6.849284,5.7647934
26,AABABAAABBABBBBAAAAA,5.3337502,7.719736
27,AABABAABBBABBAAABAAA,6.253022,6.6902366
28,AABABABAABBAABABABAA,9.325027,2.0058868
29,AABABABABABABBAAABAA,8.217874,2.9476902
30,AABABABABBABBAAAABAA,5.891626,5.8437076
31,AABABABBAAAABBABBAAA,9.112659,8.591572
32,AABABBAABAABBAABABAA,8.941912,2.4968336
33,AABABBAABABABAABABAA,9.075519,2.2326884
34,AABABBABBAABAABAABAA,7.314991,3.672445
35,AABABBBBAAABBAAABAAA,6.0090346,6.360204
36,AABABBBBAABBAABAAAAA,3.906972,8.349867
37,AABABBBBBAABABAAAAAA,2.654623,8.697391
38,AABBAAABABABABABBAAA,7.2547407,5.483472
39,AABBAAABABBBABAABAAA,6.472937,6.460755
40,AABBAAABBAAABABBABAA,8.070609,5.7191153
41,AABBAAABBABBBBAAAAAA,2.7643466,8.8565235
42,AABBAABBBABABBAAAAAA,2.6751711,9.213396
43,AABBAABBBBAAABAAABAA,5.7071643,5.8139
44,AABBABAAABAAABBBBAAA,7.465142,6.4378343
45,AABBABAAABBBAABBAAAA,8.224322,7.731405
46,AABBABAABAABABBAABAA,8.7292595,2.778834
47,AABBABAABBAAABABABAA,8.778361,2.7654855
48,AABBABABAAAAABBBBAAA,8.286892,8.285145
49,AABBABABBAABABABAAAA,4.830166,8.698182
50,AABBABBAAAABBBAABAAA,8.878878,8.541572
51,AABBABBAABABAAABBAAA,6.863805,5.464077
52,AABBABBABAABABAAABAA,6.6146903,4.5022244
53,AABBABBBBBBAAAAAAAAA,1.7301474,9.611894
54,AABBBAAAAABBABBABAAA,8.610331,8.540599
55,AABBBAAABBABBAABAAAA,6.9657407,7.710693
56,AABBBAABBAAABBAABAAA,6.512702,5.770597
57,AABBBABBAAABABAABAAA,5.8250213,5.1185875
58,AABBBBAAAABAAAABBBAA,6.909805,6.39375
59,AABBBBAAABAAABBAABAA,8.1321335,6.1132393
60,AABBBBAABABBBAAAAAAA,3.1144364,9.117859
61,AABBBBABAAAABBBAAAAA,3.7080944,8.172328
62,AABBBBABAABABAAAABAA,5.3983765,5.846413
63,AABBBBBAAAAABBAABAAA,5.813464,6.542807
64,AABBBBBAAAAABBBAAAAA,3.156537,8.511995
65,AABBBBBAAABAAAABBAAA,6.2439413,6.4636993
66,AABBBBBABAAABAAAABAA,5.222006,6.452574
67,ABAAAAAABBBBBABABAAA,5.387929,6.7997417
68,ABAAAAABBAABBBAABBAA,8.807449,8.54661
69,ABAAAAABBABBBBAAABAA,5.215584,6.2891293
70,ABAAAABABABAABBABBAA,7.373394,4.0111523
71,ABAAAABABBBABBAAABAA,5.5013113,6.1220894
72,ABAAAABBAABABBBBAAAA,6.742334,7.371638
73,ABAAAABBABABABBABAAA,7.202393,6.998159
74,ABAAAABBBABAAABBBAAA,6.6985946,6.5700665
75,ABAAAABBBBABABAAAABA,6.103524,6.2781286
76,ABAAABAABAAABBABBBAA,6.206737,5.978012
77,ABAAABAABBBBBABAAAAA,5.8787713,7.375935
78,ABAAABABBAABBAABBAAA,7.4380608,4.43949
79,ABAAABABBABBABABAAAA,4.674019,6.967098
80,ABAAABBAAABBAABBABAA,8.104217,3.9191337
81,ABAAABBABAABABABABAA,9.267166,2.073721
82,ABAAABBABABBABBAAAAA,3.7751987,8.990296
83,ABAAABBBABBAAABAAABA,6.6295786,6.1889906
84,ABAAABBBABBABAAAAABA,6.1570506,6.761192
85,ABAAABBBBABBABAAAAAA,2.4021688,9.07697
86,ABAAABBBBBBAAAABAAAA,5.154474,6.568376
87,ABAAABBBBBBABAAAAAAA,2.436969,9.171229
88,ABAABAAAAABBABABBBAA,5.415269,5.549265
89,ABAABAAAABAABBBABBAA,5.432376,5.292895
90,ABAABAAABABABBBAAABA,7.558849,3.7130609
91,ABAABAAABABBABABABAA,8.627098,2.7305455
92,ABAABAAABBABABABABAA,9.113495,2.256704
93,ABAABAABABAABABBABAA,9.493267,1.8413308
94,ABAABAABBABAABBAABAA,9.3590975,1.9837443
95,ABAABAABBABABAABAABA,9.580525,1.7479501
96,ABAABABAABBAABBAAABA,9.471777,1.8641735
97,ABAABABABAAABBABBAAA,8.41765,3.0342102
98,ABAABABABBAAABBABAAA,7.4622173,3.8488173
99,ABAABABABBAABABBAAAA,7.1775956,3.9704232
100,ABAABABABBAABBAAAABA,8.438047,2.7878797
101,ABAABABBAABAABABABAA,9.700739,1.6221182
102,ABAABABBABABAAAABBAA,7.488323,3.9798183
103,ABAABABBABBAABAABAAA,6.9314404,4.005323
104,ABAABABBBBABAAAAAABA,6.2830706,6.883361
105,ABAABBAAABABABABAABA,9.737745,1.5838885
106,ABAABBAABAABBAABAABA,9.560238,1.7720789
107,ABAABBAABABBAABAABAA,8.966923,2.3986511
108,ABAABBAABABBBBAAAAAA,3.6669197,9.003828
109,ABAABBAABBABBAAABAAA,6.0935698,5.5242934
110,ABAABBABAABAABABBAAA,8.676298,2.948575
111,ABAABBABABAABAAABBAA,8.611197,2.7754512
112,ABAABBABBAAAAAABBBAA,9.518758,9.095033
113,ABAABBABBBABAAAAAABA,5.6593904,6.8508115
114,ABAABBBABABABAAAABAA,5.2756824,5.4840093
115,ABAABBBBABAAAABAABAA,5.403868,5.564437
116,ABABAAAAAABBBBABAABA,6.192601,6.039056
117,ABABAAAAABAABBBBBAAA,6.5814433,6.744418
118,ABABAAAAABBBBAABBAAA,8.674144,8.49678
119,ABABAAAABBABAABBAABA,8.821039,2.5487003
120,ABABAABAAABABABBAABA,9.511504,1.8216205
121,ABABAABAABABBABBAAAA,6.985623,4.295659
122,ABABAABAABBAABBAAABA,9.490309,1.8465801
123,ABABAABAABBABAABAABA,9.708318,1.6165248
124,ABABAABABAABABABABAA,9.794835,1.525426
125,ABABAABABABAABABAABA,9.83514,1.4839834
126,ABABAABABABBAAABAABA,9.533281,1.7979447
127,ABABAABBAABAABABAABA,9.773457,1.5466214
128,ABABAABBBBABABAAAAAA,3.428744,9.058582
129,ABABABAAAABBABABABAA,8.351023,2.9311287
130,ABABABAABABAABAABABA,9.795727,1.5237744
131,ABABABAABABABAAABABA,9.806866,1.5118523
132,ABABABAABABABAABABAA,9.772757,1.547516
133,ABABABABAAABBAAABBAA,8.377858,3.475586
134,ABABABABABAAAABABBAA,8.440919,2.8581066
135,ABABABABABAABABAABAA,9.72633,1.593402
136,ABABABABBAAABAAABBAA,7.694969,3.7118597
137,ABABABABBABABAAAABAA,7.0980263,3.8820555
138,ABABABABBBAABAAABAAA,5.8184085,4.793291
139,ABABABABBBABABAAAAAA,3.7036579,8.973705
140,ABABABABBBBBAAAAAAAA,2.0286014,9.536886
141,ABABABBAAAAABABBBAAA,9.672119,9.236341
142,ABABABBAABABAAAABABA,8.8701725,2.487721
143,ABABABBAABABBABAAAAA,4.8153324,8.762785
144,ABABABBAABBABBAAAAAA,3.8187675,8.986751
145,ABABABBABAAAABABAABA,8.867573,2.4770708
146,ABABABBABBAAAAABABAA,5.9869537,5.322316
147,ABABABBBABAAABBAAAAA,3.7672565,8.990683
148,ABABBAAAAABBAABBABAA,9.502972,9.066191
149,ABABBAAAABAABBAABBAA,7.4217615,5.188595
150,ABABBAAAABABBBAAABAA,7.0749993,6.462612
151,ABABBAAABAABBABAABAA,8.573329,2.920794
152,ABABBAAABABABAABAABA,9.76511,1.5558859
153,ABABBAAABABBAAAABABA,8.410285,3.0835092
154,ABABBAAABBABBAAAABAA,6.630243,5.482214
155,ABABBAAABBBAABABAAAA,6.469427,5.036578
156,ABABBAABAAABABABABAA,9.123338,2.2437549
157,ABABBAABAAABBBAABAAA,6.5956416,5.2649593
158,ABABBAABAABAABABAABA,9.734209,1.5882055
159,ABABBAABBABAAABAABAA,8.134483,3.0824196
160,ABABBABAAABBAABBAAAA,5.019783,8.783286
161,ABABBABAABAAABBAABAA,8.030053,3.4296584
162,ABABBABAABAABAABABAA,8.780926,2.539503
163,ABABBABAABAABABAAABA,9.290159,2.0206375
164,ABABBABAABBAAABAAABA,7.538087,3.6649032
165,ABABBABAABBBAAABAAAA,4.604623,8.614421
166,ABABBABABAAAABABABAA,7.489288,3.8737497
167,ABABBABABAABAAABAABA,8.593867,2.7097983
168,ABABBABABABAABAABAAA,7.1394753,3.8061805
169,ABABBABBAABAABABAAAA,5.835901,4.7596817
170,ABABBABBBAAABAAABAAA,4.7322063,6.171699
171,ABABBABBBABBAAAAAAAA,3.0543954,9.122727
172,ABABBBAAAAAAABBBABAA,7.101637,7.901689
173,ABABBBAAAAAABBBBAAAA,6.173397,7.3330894
174,ABABBBAAABAAABBABAAA,5.95297,5.6114845
175,ABABBBAAABABAABAAABA,7.5245686,3.658203
176,ABABBBAAABBAAABBAAAA,7.586199,7.894643
177,ABABBBAABAAAABBBAAAA,7.608387,7.953634
178,ABABBBAABAAABAABAABA,8.413397,2.7553558
179,ABABBBAABAABAABAAABA,8.327915,2.8742614
180,ABABBBABAAAAABABAABA,5.5877824,5.1665263
181,ABABBBABAABABBAAAAAA,3.5169775,9.016913
182,ABABBBBABAAAAAABAABA,5.9439096,6.719071
183,ABABBBBABBAAABAAAAAA,2.4062302,9.171173
184,ABABBBBBAABAABAAAAAA,2.424976,8.723552
185,ABABBBBBABAAAAAAABAA,3.2806697,8.600485
186,ABBAAAAAAABBABBBABAA,4.915808,7.825778
187,ABBAAAAAABBABBBBAAAA,5.0555196,7.8672748
188,ABBAAAAABAAAABBBBABA,5.888132,6.6370287
189,ABBAAAABAAAABABBBABA,5.623984,5.8778086
190,ABBAAAABAABABABBAABA,8.287418,3.060839
191,ABBAAAABABAABABBABAA,7.7925596,4.143023
192,ABBAAAABABBBABABAAAA,4.3627634,8.313863
193,ABBAAAABBABABBAAABAA,7.6491876,7.1579404
194,ABBAAABAAABAAABBBABA,7.0736556,5.1233597
195,ABBAAABAABABABABABAA,9.136657,2.2237895
196,ABBAAABAABBBBBAAAAAA,3.2730653,8.785641
197,ABBAAABABABABAAAABBA,8.525132,3.1429985
198,ABBAAABBABBAABAAAABA,6.4664946,5.2886825
199,ABBAAABBBAAAABBBAAAA,9.060344,8.8578005
200,ABBAAABBBAAABAAABBAA,8.020074,5.6112313
201,ABBAAABBBABAAAAAABBA,7.6574,7.83354
202,ABBAABAAAAABABBBAABA,6.1057215,5.2198358
203,ABBAABAAABABAAABBABA,8.58277,2.9219897
204,ABBAABAAABABABBAABAA,8.627351,2.892721
205,ABBAABAABAAABABABABA,9.439392,1.8881326
206,ABBAABAABAABABABABAA,9.693111,1.6300486
207,ABBAABAABABAABBAAABA,9.5230255,1.8122962
208,ABBAABAABBAAAABBAABA,8.420076,5.1295986
209,ABBAABABAAABABABABAA,9.563184,1.7672372
210,ABBAABABAABAAABBAABA,9.4535265,1.8872689
211,ABBAABABAABABAAAABBA,8.822718,2.5765295
212,ABBAABABAABBBBAAAAAA,3.6773524,8.956138
213,ABBAABABABABABAAABAA,8.763959,2.6164322
214,ABBAABABABBABABAAAAA,4.5641923,8.741166
215,ABBAABABBAAAAAABBBAA,9.469554,9.049982
216,ABBAABBAAABABABAAABA,9.126573,2.2413142
217,ABBAABBAABAABAAAABBA,7.9913864,3.2374368
218,ABBAABBAABAABAABAABA,9.542313,1.7951963
219,ABBAABBABABBAAAABAAA,4.6768684,8.178498
220,ABBABAAAAABBAABBABAA,9.308497,8.896254
221,ABBABAAAABAABBAABABA,8.345618,2.9361432
222,ABBABAAAABBABBABAAAA,4.242861,8.875745
223,ABBABAAAABBBAAABAABA,7.8251686,5.4226084
224,ABBABAAABAABABBAABAA,8.562844,2.9169033
225,ABBABAAABAABBAAABBAA,8.4160595,5.3543844
226,ABBABAAABBAABABAABAA,8.441197,3.1927066
227,ABBABAABAAAAABBBBAAA,7.768904,7.868394
228,ABBABAABAAABBBAAAABA,7.471437,5.997844
229,ABBABAABABAABABAABAA,9.2352085,2.1143188
230,ABBABAABABABAAABAABA,9.406789,1.9251475
231,ABBABAABABBAAABAABAA,8.118044,3.001327
232,ABBABAABABBAABBAAAAA,4.676371,8.918766
233,ABBABAABBBAABAAAAABA,6.117869,5.3418956
234,ABBABAABBBBAABAAAAAA,3.4626496,8.992225
235,ABBABABAAAAABABBABAA,8.7436075,8.457719
236,ABBABABAAAAABBBABAAA,7.710714,7.8831725
237,ABBABABAABABABAAAABA,8.489045,2.863783
238,ABBABABABAAABAABABAA,8.362834,2.9500287
239,ABBABABABAABAABAAABA,8.728376,2.5204158
240,ABBABABABBAAABAAAABA,5.8316483,4.7818356
241,ABBABABABBAAABAABAAA,5.7070565,4.8624525
242,ABBABABBAAABABAABAAA,5.974962,4.7913203
243,ABBABABBABBAAAAAABAA,4.400595,8.684027
244,ABBABBAABAAABAAABBAA,7.1358027,5.8974514
245,ABBABBAABAAABAABAABA,8.3579235,2.9100928
246,ABBABBABBABAAAAABAAA,2.877105,8.48951
247,ABBABBBAAAAAABBBAAAA,3.9385855,7.966539
248,ABBABBBAABABAABAAAAA,2.526785,8.894294
249,ABBABBBABAABABAAAAAA,2.4151351,8.776689
250,ABBABBBBAAABAAAABAAA,4.135541,6.5131493
251,ABBBAAAAABBAABBAAABA,8.997651,8.683989
252,ABBBAAAABAAABABAABBA,7.3444653,5.741927
253,ABBBAAAABAABABBBAAAA,8.017184,8.174123
254,ABBBAAABABAABBBAAAAA,4.464371,8.74479
255,ABBBAAABBAAABAABAABA,8.350922,5.476256
256,ABBBAAABBAABAAABABAA,7.3887353,4.1110754
257,ABBBAAABBAABAABBAAAA,8.378387,8.017835
258,ABBBAABAAABBAABAAABA,7.610346,5.50821
259,ABBBAABAAABBAABAABAA,7.5650554,3.748328
260,ABBBAABABAAAABAABABA,7.2957187,3.910903
261,ABBBAABABABAAABAABAA,7.2692266,3.9700894
262,ABBBAABBAABBABAAAAAA,3.4515533,8.912467
263,ABBBABAAAABBBAAABAAA,6.2992964,6.828544
264,ABBBABAAAABBBABAAAAA,2.6014583,9.14627
265,ABBBABAABAAABBAABAAA,5.5095468,5.72791
266,ABBBABABAAAABAABABAA,5.259183,5.3960977
267,ABBBABABAAABABABAAAA,4.7138352,8.288801
268,ABBBABABAABBAAAAABAA,5.1723166,6.54784
269,ABBBABABABAAABABAAAA,4.58666,7.2073913
270,ABBBABBAAAAAABBBAAAA,3.9068363,8.127736
271,ABBBABBAAABABAAAAABA,5.535674,6.028484
272,ABBBABBBAAABAAABAAAA,4.4955416,6.7631555
273,ABBBBAAAAAAAABBBABAA,4.0966716,8.082357
274,ABBBBAAAAAABBBBAAAAA,3.0403764,8.697333
275,ABBBBAABAAABAABABAAA,5.56044,5.828898
276,ABBBBAABAAABAABBAAAA,6.2312326,6.705763
277,ABBBBAABAABAAAAABABA,5.4850354,5.778518
278,ABBBBAABAABAABAAAABA,5.2992864,5.436152
279,ABBBBAABAABABAAABAAA,5.146801,5.4566636
280,ABBBBAABAABBAABAAAAA,3.8526483,8.392242
281,ABBBBAABABAABAAABAAA,4.8080854,5.9082384
282,ABBBBAABBABAAAAAABAA,4.399636,7.2926607
283,ABBBBABAABAABAAAAABA,4.9990473,5.894575
284,ABBBBABABAAAABBAAAAA,3.8802552,7.852021
285,ABBBBABBAAAAAAAABABA,3.712428,7.8238854
286,ABBBBABBAABAAAAAABAA,2.9976387,7.8381715
287,ABBBBBAAAABAAABABAAA,5.702001,6.424061
288,ABBBBBAAABAAABAABAAA,4.6883945,6.0221534
289,ABBBBBAABAAAAAAAABBA,3.553692,8.025803
290,ABBBBBABAAAAAABAAABA,4.4784408,6.3802953
291,ABBBBBABAAAAABAAAABA,4.2838163,6.222819
292,ABBBBBBAAAABBAAAAAAA,2.001318,9.54139
293,ABBBBBBABBAAAAAAAAAA,1.8799917,9.624464
294,ABBBBBBBAABAAAAAAAAA,1.8365083,9.626032
295,BAAAAAAAAAABBBBBBABA,2.5829308,9.239525
296,BAAAAAAAAABBAABBBBBA,2.5916529,8.870055
297,BAAAAAAAABBABBBBAABA,3.9655466,8.08737
298,BAAAAAAABAAABBBABBBA,3.7408195,8.571531
299,BAAAAAABABAAAABBBBBA,6.231888,7.296769
300,BAAAAAABABBABABABBAA,4.8535604,8.784825
301,BAAAAAABABBBAABBBAAA,7.2640634,7.9015713
302,BAAAAAABBAABABBBBAAA,7.2524233,7.876037
303,BAAAAAABBABAAABBBBAA,9.019976,8.780724
304,BAAAAAABBBAAAABABBBA,7.7894034,8.185184
305,BAAAAAABBBABBBAABAAA,5.916457,7.421214
306,BAAAAAABBBBAAAAABBBA,7.229034,7.952444
307,BAAAAABAAABABABABBBA,6.0409284,7.006415
308,BAAAAABAAABBAABBBABA,6.4485598,6.476132
309,BAAAAABAABAABAABBBBA,5.374811,5.896831
310,BAAAAABAABAABBAABBBA,6.2320614,6.0585527
311,BAAAAABABAABABBAABBA,6.564314,4.968864
312,BAAAAABBAABBBAAAABBA,10.048868,9.474027
313,BAAAAABBABBAABABABAA,8.340028,7.5853233
314,BAAAAABBBAAABBABBAAA,9.381871,8.992448
315,BAAAABAAAAABBBBAABBA,6.290459,6.837452
316,BAAAABAAAABBBBAABABA,6.36965,5.8083377
317,BAAAABAAAABBBBBAABAA,6.3534527,6.262464
318,BAAAABAAABAAAABBBBBA,5.954961,6.4176464
319,BAAAABAAABAABABBABBA,5.62308,5.752218
320,BAAAABAAABABBABBAABA,5.8823733,4.988694
321,BAAAABAABAABBBAABBAA,7.256881,5.5590315
322,BAAAABAABABAAABABBBA,6.498336,5.336224
323,BAAAABAABABBABABAABA,8.447244,2.958456
324,BAAAABAABBBABABABAAA,7.757286,7.789857
325,BAAAABABAAAABABBBABA,6.4424863,5.78615
326,BAAAABABAAABABABBABA,7.3238063,4.196844
327,BAAAABABABAAABABABBA,7.5276184,4.0952125
328,BAAAABABABBABAAABABA,7.6278076,4.064345
329,BAAAABABBAABBAAABBAA,8.917414,8.323679
330,BAAAABABBABBAAAABABA,8.153656,7.2148476
331,BAAAABABBABBABAABAAA,7.3775287,7.843276
332,BAAAABBAABAAABABABBA,7.1324224,5.0132885
333,BAAAABBAABBBBAAAAAAB,8.963917,8.817699
334,BAAAABBABAAABAABBABA,7.5834312,5.7109427
335,BAAAABBABBAAAABBBAAA,9.854946,9.353927
336,BAAAABBABBABAAABAABA,7.1023316,4.469691
337,BAAAABBBAABABAAAABBA,9.418133,8.991997
338,BAAAABBBAABBAAAABBAA,9.658044,9.22068
339,BAAAABBBBBAAABAAABAA,6.604888,6.3112884
340,BAAABAAAABABBBAAABBA,8.646813,8.386175
341,BAAABAAAABBABAABBABA,6.449891,5.264248
342,BAAABAAABAAABBBBABAA,6.135316,6.1090903
343,BAAABAAABAABAAABBBBA,7.258778,6.374279
344,BAAABAAABABABABAABBA,8.575773,2.793548
345,BAAABAAABBABAABAABBA,8.2154,3.7367392
346,BAAABAAABBBAAABABBAA,8.302335,5.734028
347,BAAABAAABBBBBAAAAAAB,7.839278,8.078355
348,BAAABAABAAABAABABBBA,5.7979116,5.5139523
349,BAAABAABAABAABAABBBA,7.9527903,3.7873037
350,BAAABAABAABABABABABA,9.509476,1.8237101
351,BAAABAABAABBAAABBABA,8.442912,5.4633627
352,BAAABAABAABBBAAABBAA,8.459974,5.6639194
353,BAAABAABABAABAABBABA,9.212512,2.151495
354,BAAABAABABAABBBAAABA,8.075077,3.916214
355,BAAABAABABBAABBABAAA,8.272096,7.397476
356,BAAABAABBAABAABABBAA,8.3632555,5.3759813
357,BAAABAABBAABAABBBAAA,8.195226,5.586493
358,BAAABAABBAABABAABBAA,8.3792095,3.750771
359,BAAABAABBABBAABABAAA,7.270469,4.316843
360,BAAABAABBBABAABAAABA,7.1927924,4.500745
361,BAAABAABBBBAABAAABAA,6.2120247,6.0513206
362,BAAABABAAABAABABBBAA,8.126599,5.385748
363,BAAABABAAABABAABABBA,8.549882,2.8577614
364,BAAABABAAABABBABABAA,7.912038,3.97962
365,BAAABABABAABBAABAABA,9.4994545,1.8385357
366,BAAABABABBAAABABBAAA,8.208706,7.3124385
367,BAAABABABBBBABAAAAAA,2.6495366,9.165511
368,BAAABABBAABBAABABAAA,7.2768283,4.1558294
369,BAAABABBBAAAAABABBAA,9.530459,9.097273
370,BAAABABBBAABABAAABAA,6.873307,4.424757
371,BAAABABBBABAABAAABAA,5.762512,5.1016445
372,BAAABABBBABBAABAAAAA,3.213739,9.002259
373,BAAABBAAAAABBABAABBA,9.798881,9.312864
374,BAAABBAAABABBAABBAAA,8.976427,8.488995
375,BAAABBAABAABBBAAAAAB,9.974484,9.448045
376,BAAABBAABABAAABBABAA,8.257944,4.03987
377,BAAABBAABABABBABAAAA,5.0298214,8.819044
378,BAAABBAABBAABABAAABA,8.468453,3.222488
379,BAAABBABABAAABAABABA,9.008007,2.3583534
380,BAAABBABABBAAABAAABA,7.2353377,4.079441
381,BAAABBABBAAABAAAABBA,8.833343,8.456047
382,BAAABBABBABBABAAAAAA,2.6279812,9.269862
383,BAAABBBAAAABAABBABAA,8.487255,8.028245
384,BAAABBBAAABABAAABBAA,8.504875,5.6215167
385,BAAABBBAABAABAABAAAB,8.444575,5.4904456
386,BAAABBBAABAABBAAABAA,7.3667355,5.0427036
387,BAAABBBABABABBAAAAAA,3.1242275,9.106914
388,BAAABBBABBABAABAAAAA,2.7919753,8.913293
389,BAAABBBBABABAAAAABAA,4.73844,6.8516607
390,BAABAAAAABAABBAABBBA,7.7882123,7.7897067
391,BAABAAAAABBBAAABBABA,9.939698,9.428266
392,BAABAAAABABBBAAABABA,6.8686795,5.46144
393,BAABAAAABBBAABAAABBA,8.032266,5.7153606
394,BAABAAAABBBAABABAAAB,7.11799,5.303715
395,BAABAAABAAABBBAABBAA,7.229352,4.951497
396,BAABAAABAABAABBBABAA,7.542276,5.3993497
397,BAABAAABABAAABBBAABA,8.259191,4.4946237
398,BAABAAABABAABABBBAAA,7.2557287,4.311117
399,BAABAAABABABBBAAAAAB,8.837668,8.461112
400,BAABAAABABBAABAAABBA,8.243335,4.0108967
401,BAABAAABBAAAAABBBABA,8.497517,7.934782
402,BAABAAABBAABABAABABA,9.603072,1.725014
403,BAABAAABBAABBABABAAA,7.0492506,5.431614
404,BAABAAABBABABAAAABBA,8.7128525,7.9396534
405,BAABAAABBBBBBAAAAAAA,2.3343632,9.217414
406,BAABAABAAABBBABABAAA,6.871052,4.78717
407,BAABAABAABAABAAABBBA,8.110538,4.2735286
408,BAABAABAABAABABBAAAB,9.135167,2.2386823
409,BAABAABAABAABBAAABBA,8.302975,4.022788
410,BAABAABAABABBBAAABAA,8.116667,5.333001
411,BAABAABAABBAABBBAAAA,6.627254,5.343252
412,BAABAABAABBBAAABAAAB,8.391844,5.4104147
413,BAABAABAABBBAABAAABA,8.458405,3.0637167
414,BAABAABABAABBABBAAAA,6.473654,4.8616924
415,BAABAABABABAAABBAAAB,8.263792,3.9087286
416,BAABAABABABAAABBBAAA,7.5765295,4.8451233
417,BAABAABABABAABBAAABA,9.269997,2.1017869
418,BAABAABABBBAABAAAABA,6.5673423,4.672196
419,BAABAABBAAAABBBAABAA,7.835602,5.712115
420,BAABAABBAAABAABABBAA,8.376209,5.3860397
421,BAABAABBAAABAABBAAAB,8.390986,5.503661
422,BAABAABBAAABAABBAABA,9.281779,2.0898714
423,BAABAABBAAABBAABBAAA,8.185924,7.2249393
424,BAABAABBAABAAABBBAAA,8.334117,5.6150827
425,BAABAABBAABAABABABAA,9.563528,1.7672707
426,BAABAABBAABBBAAAAAAB,9.11806,8.776707
427,BAABAABBABAAABBAAABA,8.346427,4.850185
428,BAABAABBABAABBAAAAAB,8.2326,7.3538594
429,BAABAABBABBBAAAAAABA,6.0071096,6.780806
430,BAABAABBBAABAABAAAAB,7.3279243,3.9054213
431,BAABAABBBAABAABABAAA,7.553712,3.9960115
432,BAABAABBBABAAAABAAAB,6.9139724,5.6407857
433,BAABAABBBBAABAAAABAA,5.4489,5.8292317
434,BAABABAAAAAABABABBBA,4.6716714,8.361496
435,BAABABAAAAABABBBABAA,7.909952,7.764675
436,BAABABAAAABAAABABBBA,6.2412434,5.853072
437,BAABABAAAABBAABBABAA,8.425021,7.5888734
438,BAABABAAABAABBABABAA,8.419176,3.0992663
439,BAABABAAABABAABBAABA,9.462661,1.8755912
440,BAABABAABAABAABABABA,9.778855,1.5411636
441,BAABABAABAABBAABAABA,9.765917,1.554455
442,BAABABAABABAAABABBAA,9.240104,2.1107075
443,BAABABAABABBAAABABAA,8.789399,2.6496725
444,BAABABAABABBABAAAAAB,8.171812,7.352076
445,BAABABAABBABBAAAABAA,6.360378,5.2101126
446,BAABABAABBABBABAAAAA,4.7983356,8.841389
447,BAABABAABBBBAAAABAAA,6.457279,7.0616956
448,BAABABABAABAABABAAAB,9.430784,1.9073923
449,BAABABABABABAAAABBAA,7.515259,4.034891
450,BAABABABBBABBAAAAAAA,3.1938088,9.040402
451,BAABABBAAAAAAABABBBA,3.9339063,8.927395
452,BAABABBAAABAAABAABBA,7.598605,4.120303
453,BAABABBAAABABAAABABA,8.361078,3.2092352
454,BAABABBAABAAAABABABA,8.029876,3.3092613
455,BAABABBABAAAAAABABBA,4.810567,8.896644
456,BAABABBABAABAAAAABBA,7.0474606,5.4580874
457,BAABABBABAABBAAAAAAB,4.9713807,8.828871
458,BAABABBABABABAAAAABA,5.9117975,4.817905
459,BAABABBBAAAAABABABAA,8.592091,8.047856
460,BAABABBBAAAABAAABBAA,6.2008667,5.830894
461,BAABABBBAAAABABABAAA,6.9332952,5.49175
462,BAABABBBAABAAAAABBAA,8.058354,7.7534814
463,BAABABBBAABABABAAAAA,4.7626023,8.8280115
464,BAABABBBABAABABAAAAA,3.8842404,8.987564
465,BAABABBBABAABBAAAAAA,3.790823,8.966279
466,BAABBAAAAAABBBAAABBA,9.514777,9.085815
467,BAABBAAAABBAAABBAABA,8.36922,5.46236
468,BAABBAAABABAABAAABBA,8.315505,3.8357341
469,BAABBAAABABAABBABAAA,8.163393,7.2834077
470,BAABBAAABABBAAAAABBA,10.018328,9.445612
471,BAABBAAABBAABAABABAA,8.399458,3.3272462
472,BAABBAAABBAABBAABAAA,6.7804794,5.4879894
473,BAABBAAABBABABAABAAA,7.2195506,5.3382025
474,BAABBAABAAAAAAABBBBA,4.4908433,8.044899
475,BAABBAABAABAABABAABA,9.642693,1.6839632
476,BAABBAABAABABAAABAAB,8.63778,2.811457
477,BAABBAABABAABAABAABA,9.573105,1.7594368
478,BAABBAABBAABAABAAABA,8.789757,2.539178
479,BAABBAABBBBBAAAAAAAA,2.0401917,9.555989
480,BAABBABAAABAAABBAABA,7.4980793,3.8857622
481,BAABBABAAABAABAABABA,8.905117,2.4411902
482,BAABBABAAABAABABBAAA,8.145547,7.2296658
483,BAABBABAAABABABBAAAA,5.0545053,8.817179
484,BAABBABAAABBABBAAAAA,4.199245,8.918412
485,BAABBABAABAABAABABAA,8.4925785,2.9980154
486,BAABBABAABABBABAAAAA,4.7252803,8.820155
487,BAABBABBAABAABAAABAA,5.737645,4.9679875
488,BAABBBAAAAAABABABABA,4.9748363,8.825668
489,BAABBBAAAAABBBAAAAAB,9.671852,9.237475
490,BAABBBAAAAABBBABAAAA,4.766126,7.891743
491,BAABBBAAAABBBAABAAAA,4.537441,8.521021
492,BAABBBAAABAAAABBAAAB,8.715728,8.354342
493,BAABBBAAABAABAABBAAA,7.656953,5.8429074
494,BAABBBAAABABAAABAABA,7.5812745,3.6444438
495,BAABBBAAABABABAAAABA,6.7299833,4.757447
496,BAABBBAABABAAAAABAAB,7.7831683,7.4043517
497,BAABBBAABBAAAABBAAAA,4.547371,8.515244
498,BAABBBAABBAABAAAAABA,6.566674,6.900586
499,BAABBBABABAAAAABAAAB,6.44209,7.1922398
500,BAABBBBAAAABAABAABAA,5.3646374,5.4549932
501,BAABBBBAAABBAAAABAAA,4.925534,7.283649
502,BAABBBBAABAAAABAAABA,5.259338,5.7764916
503,BAABBBBABAAABAAAAABA,5.230664,6.4734163
504,BAABBBBBBAAABAAAAAAA,2.277494,9.414892
505,BABAAAAAAAABBBBBABAA,3.519399,8.319823
506,BABAAAAAABABABBABABA,4.81832,8.784804
507,BABAAAAAABABABBABBAA,4.687662,8.700606
508,BABAAAAABAABABBABABA,6.4121385,5.2203074
509,BABAAAAABBAAABABBABA,9.057154,8.8049555
510,BABAAAAABBABABAABBAA,9.54438,9.080206
511,BABAAAAABBBAAAABBABA,10.050187,9.52498
512,BABAAAABAABABBAAABBA,8.779557,8.243406
513,BABAAAABAABBAAABBAAB,9.655117,9.149283
514,BABAAAABAABBBAAABBAA,9.390518,8.971302
515,BABAAAABABAAAABBABBA,9.942965,9.441412
516,BABAAAABABAAABBABAAB,8.963464,8.427548
517,BABAAAABBAAAAAABBBBA,7.813739,8.195141
518,BABAAAABBAAAAABBBBAA,9.445429,9.046591
519,BABAAAABBABAABAABABA,8.372704,3.399042
520,BABAAAABBBAABAABBAAA,9.655587,9.216743
521,BABAAAABBBABAAAABABA,9.633813,9.197332
522,BABAAABAAAABAABBBAAB,8.516378,8.337704
523,BABAAABAAAABAABBBBAA,7.0069394,6.4737577
524,BABAAABAABAAABBABABA,7.753767,4.0540805
525,BABAAABAABAABAABBABA,8.246036,3.7661471
526,BABAAABABAAABABABABA,8.652548,2.9411848
527,BABAAABABAABBBAAAAAB,9.963662,9.449663
528,BABAAABABABAAABABABA,8.531522,2.890027
529,BABAAABABBBAAABAAAAB,8.679269,8.280551
530,BABAAABBAABAABABAABA,8.277198,3.9305928
531,BABAAABBAABBAAABABAA,7.6354117,4.1642423
532,BABAAABBABBAAAAABABA,9.185495,8.837023
533,BABAABAAAAABABABBAAB,5.006179,8.821276
534,BABAABAAAAABBABABABA,5.1237545,8.72303
535,BABAABAAABAAAABABBBA,6.653461,6.5302124
536,BABAABAAABAABBABABAA,7.500698,4.924211
537,BABAABAABAAABABABAAB,8.422731,3.238062
538,BABAABAABAAABBBAABAA,8.259112,5.753989
539,BABAABAABAABAABBAAAB,8.442214,5.483572
540,BABAABAABABBAABAAAAB,7.436455,4.230718
541,BABAABAABABBBAAABAAA,6.568496,5.7063184
542,BABAABAABBAAABAAABBA,8.232822,5.3313375
543,BABAABAABBBABAAAAAAB,8.301783,7.8191767
544,BABAABABAABAABAAABAB,8.12354,3.5424585
545,BABAABABABAABBABAAAA,5.057984,8.716879
546,BABAABABABBAABAAAABA,6.467584,5.252331
547,BABAABABBAAABAABAABA,8.678606,2.7286518
548,BABAABABBABAABABAAAA,4.818887,8.701157
549,BABAABBAAABBAAAAABBA,9.956746,9.453192
550,BABAABBAABBAAABAAABA,7.304223,4.08459
551,BABAABBABAAAABBAAAAB,9.96941,9.461339
552,BABAABBABAABAAAAABBA,7.9603276,7.4504013
553,BABAABBABBBAAAAAABAA,4.607587,7.098197
554,BABAABBBBAAABABAAAAA,3.1176803,8.663478
555,BABABAAAAABABBAABBAA,9.94727,9.439994
556,BABABAAAABABABAAABBA,8.423858,7.704702
557,BABABAAAABABABABAAAB,8.461841,7.7338834
558,BABABAAAABBBAAAABABA,9.994027,9.4785385
559,BABABAAABABAAABBABAA,7.536706,5.7142143
560,BABABAAABABAABBBAAAA,5.1351666,8.749348
561,BABABAAABABABBAABAAA,8.184973,7.399873
562,BABABAAABBABABAAABAA,6.5614986,5.46147
563,BABABAABAAAAABAABBBA,7.750436,7.821658
564,BABABAABAAAABAABABBA,7.5345016,7.1433997
565,BABABAABAABAAAABABAB,8.122141,7.695082
566,BABABAABAABAABAABAAB,8.44442,3.002569
567,BABABAABAABABBBAAAAA,3.854451,8.939785
568,BABABAABAABBABABAAAA,4.9316864,8.822237
569,BABABAABABABAAAAABBA,8.172847,7.414818
570,BABABAABBABAABAAABAA,5.8881235,4.8320384
571,BABABAABBBAAAABAAAAB,7.7037573,7.6589627
572,BABABABAAAAABBBABAAA,7.326455,7.8235846
573,BABABABAAAABAABABABA,7.265191,4.0102615
574,BABABABAABAAABAABBAA,7.100245,4.939473
575,BABABABABAABAAAABBAA,7.5719047,5.900626
576,BABABABBAAABABAAAAAB,7.6206775,7.6571946
577,BABABABBABAABAAABAAA,4.2728715,6.5384264
578,BABABABBBBAAAABAAAAA,2.5218472,9.100526
579,BABABBAAAAAABBBAABAA,7.9224987,8.299498
580,BABABBAAABAABAABAABA,7.928009,3.415628
581,BABABBAABABBABAAAAAA,3.2751925,8.978939
582,BABABBAABBAAABAAABAA,4.140946,6.582434
583,BABABBABAABAAABAAAAB,5.8319254,5.905835
584,BABABBABABAAAAABABAA,5.786622,7.066214
585,BABABBABABAABAAABAAA,4.0918417,6.699851
586,BABABBBAAAAABAABABAA,5.7593203,6.42002
587,BABABBBAAAABAAAAABAB,4.426461,7.7243643
588,BABABBBAAAABAAAABBAA,4.9373374,6.054136
589,BABABBBAABBAAAAABAAA,2.8609464,7.978416
590,BABABBBABAAAAAABBAAA,4.4908366,6.828215
591,BABABBBABAAAABBAAAAA,2.1959987,8.950955
592,BABABBBABBAAAAAAAAAB,2.3329709,9.16624
593,BABBAAAAAAABABBAABBA,3.8743513,8.855985
594,BABBAAAAAAABBABABBAA,4.134828,8.735053
595,BABBAAAAABAAABABABBA,7.462372,7.6357927
596,BABBAAAABBABABAABAAA,7.605595,7.7091537
597,BABBAAABAAAAABABBAAB,8.460234,8.458932
598,BABBAAABAABAAAABABBA,6.6863236,6.283799
599,BABBAAABAABAAABBAABA,8.173093,5.872922
600,BABBAAABBAAAAAAABBAB,4.042138,8.078155
601,BABBAAABBABABAAAABAA,6.497228,7.044724
602,BABBAAABBBABAAABAAAA,3.8680608,8.191494
603,BABBAABAAABABABAAABA,7.3634953,3.9428124
604,BABBAABAAABBBAAAABAA,6.400403,6.341333
605,BABBAABAABAAABAABABA,7.484571,3.7642267
606,BABBAABAABABAAAABAAB,6.607303,5.215255
607,BABBAABABAAABAAAABAB,7.6704903,7.793888
608,BABBAABBAAABABAAAAAB,9.262266,8.935437
609,BABBAABBABAAAAABABAA,7.461054,7.706863
610,BABBAABBABAAAABAAAAB,6.9084263,6.9217734
611,BABBABAAAABAAAABABAB,6.2399497,7.2403045
612,BABBABAAABAABAAABBAA,6.298751,6.186486
613,BABBABAAABABABAAAABA,6.9128213,6.372769
614,BABBABAABAAAAABAABBA,7.239605,7.690838
615,BABBABAABAAAAABBABAA,7.656771,7.813384
616,BABBABAABAABAABABAAA,5.784247,4.855959
617,BABBABAABAABABAAABAA,5.398258,5.2747617
618,BABBABAABAABBAAAABAA,6.1376934,6.008186
619,BABBABAABABAAABAAABA,5.403569,5.2356415
620,BABBABAABABAAABBAAAA,4.8546,8.453834
621,BABBABAABBAAAAABABAA,7.131288,7.6335583
622,BABBABAABBAABAAABAAA,4.4890356,7.1197805
623,BABBABAABBAABBAAAAAA,2.3982604,8.986494
624,BABBABABAAAAABBABAAA,6.0499506,7.209007
625,BABBABABAAABABAABAAA,5.6683507,6.235861
626,BABBABABAAABBABAAAAA,2.4505212,8.947312
627,BABBABABAABAAAAABABA,6.43091,7.0780697
628,BABBABABABAAAABAAABA,4.118848,6.4095535
629,BABBABABABABAABAAAAA,1.8141184,8.969639
630,BABBABABBAABAAAAAABA,4.008506,6.998262
631,BABBABBAAAAAAABAABBA,3.105139,8.101362
632,BABBABBAAAABAAAABBAA,4.948758,6.037495
633,BABBABBAAABAABABAAAA,6.031123,7.0994906
634,BABBABBBBAABAAAAAAAA,1.636101,9.608968
635,BABBBAAAAAABBAAABBAA,7.7853756,8.190595
636,BABBBAAAAABABAAABBAA,5.9460626,6.321343
637,BABBBAAAAABABBBAAAAA,2.7334359,8.612059
638,BABBBAAAABAAABAAABAB,5.579311,6.2121468
639,BABBBAAAABAABAABAABA,5.398525,5.325305
640,BABBBAAAABBAAAAAABAB,4.5457015,8.087767
641,BABBBAAAABBAAABBAAAA,5.1276665,7.9538856
642,BABBBAAABAAAABAABABA,5.3306923,5.8099384
643,BABBBAAABAAABAABAABA,5.439143,5.51195
644,BABBBAAABAAABABABAAA,6.036423,6.2801814
645,BABBBAAABAABABAABAAA,5.291851,5.7466717
646,BABBBAAABAABBAAAAABA,6.429458,6.5193677
647,BABBBAAABAABBAABAAAA,6.942791,7.5613527
648,BABBBAAABBAAABBAAAAA,4.0128703,8.100564
649,BABBBAABAAAAAABAABBA,5.9706364,7.3700666
650,BABBBAABAAAABAABAABA,5.2489247,5.7732935
651,BABBBAABAAAABABABAAA,7.454084,7.899806
652,BABBBAABAABAAAABBAAA,5.4416003,6.280427
653,BABBBAABAABAABBAAAAA,4.6529946,7.7966914
654,BABBBABAAAAAAABAABBA,3.7320971,7.922522
655,BABBBABAAAAAABAAABBA,5.885871,7.056779
656,BABBBABAAAAAABBAAABA,6.7856336,7.5357804
657,BABBBABAAABAAAABAAAB,5.1855726,5.9154716
658,BABBBABAAABBAAAABAAA,4.4932055,6.3636518
659,BABBBABAABAAAAABAAAB,5.053068,6.516106
660,BABBBABAABAAABAABAAA,6.883562,3.8437605
661,BABBBABAABABAABAAAAA,2.7902288,8.127583
662,BABBBABABAAAAABBAAAA,3.5402646,7.7012506
663,BABBBABBAAAAABAAAABA,4.077383,6.429819
664,BABBBABBAAABAAAABAAA,2.8671634,8.314078
665,BABBBABBAABAABAAAAAA,1.7463979,8.954032
666,BABBBABBABAAAAABAAAA,1.9133613,8.877255
667,BABBBBAAAABAABAABAAA,5.041138,6.4034715
668,BABBBBAAAABBAAAABAAA,4.0702267,7.222589
669,BABBBBAAABAABAAAAAAB,5.8100023,7.113262
670,BABBBBAAABBABAAAAAAA,1.6570667,9.23309
671,BABBBBAABAABAAAAAABA,4.712104,6.708602
672,BABBBBAABABAAAAABAAA,2.9216394,7.948033
673,BABBBBAABABAAAABAAAA,2.8344028,8.090221
674,BABBBBAABBABAAAAAAAA,1.3000094,9.694729
675,BABBBBABAABAAAAABAAA,2.8505993,8.323721
676,BABBBBABBAABAAAAAAAA,1.2725259,9.758506
677,BABBBBBAAAAAAABAAAAB,2.0376282,8.861388
678,BABBBBBAAAABAAAAAABA,2.927508,7.958305
679,BABBBBBAAAABAAAAABAA,2.8937018,8.210745
680,BABBBBBAABAAAABAAAAA,1.7469063,9.013533
681,BABBBBBABAAAAAAAAAAB,1.3555988,9.622089
682,BABBBBBBAAAAAAABAAAA,1.8875521,9.034419
683,BABBBBBBAAAABAAAAAAA,1.5474184,9.542296
684,BABBBBBBBAAAAAAAAAAA,1.3947442,9.6663475
685,BBAAAAAAAAABABBBABAB,2.0632992,9.2333355
686,BBAAAAAAABAAAABBBBAB,3.4263942,7.923948
687,BBAAAAAABABAABBABAAB,5.212459,8.73883
688,BBAAAAAABABBBAAABAAB,9.547906,9.111227
689,BBAAAAAABBABABBAAAAB,8.627896,8.475657
690,BBAAAAAABBABBAAAABBA,9.100025,8.888642
691,BBAAAAAABBABBABABAAA,7.3761225,7.742964
692,BBAAAAAABBBAAABABABA,9.943377,9.489863
693,BBAAAAAABBBBABAAAAAB,7.4221025,7.8913226
694,BBAAAAABAAAAABBBBABA,5.151246,6.5054293
695,BBAAAAABAAABBBBAABAA,6.906704,6.4570837
696,BBAAAAABAABAABBBAAAB,8.476333,8.126709
697,BBAAAAABABAABABBAAAB,9.623703,9.184197
698,BBAAAAABABBABAAABABA,9.980969,9.469992
699,BBAAAAABBAABABBBAAAA,7.6840363,7.8597245
700,BBAAAAABBAABBAAABBAA,9.992616,9.464552
701,BBAAAAABBBBAAAAABAAB,9.012577,8.835399
702,BBAAAAABBBBAAAABABAA,7.354037,6.5550385
703,BBAAAAABBBBAAABBAAAA,4.8287997,7.9049473
704,BBAAAAABBBBBAAAAAAAB,3.568801,8.551408
705,BBAAAABAAABBBAABABAA,7.9396544,6.1394944
706,BBAAAABAABAABAABABAB,7.5336766,5.7915835
707,BBAAAABAABABABABAAAB,7.5710897,5.8719964
708,BBAAAABAABBABAABAABA,8.151782,5.3632812
709,BBAAAABAABBABAABBAAA,9.985625,9.4732685
710,BBAAAABABABBAABAAAAB,10.0362015,9.510541
711,BBAAAABABBABABABAAAA,4.6533027,8.850748
712,BBAAAABABBBAAAAABABA,9.614961,9.185443
713,BBAAAABBAAAABBBABAAA,8.993315,8.846765
714,BBAAAABBAAABAAABBAAB,8.189784,5.9744897
715,BBAAAABBAABABBABAAAA,4.584263,8.897306
716,BBAAAABBABBBABAAAAAA,2.065985,9.451272
717,BBAAAABBBAAAAAABBAAB,8.515203,8.434148
718,BBAAAABBBAAABAAAABBA,7.4451566,6.357238
719,BBAAAABBBBAABAAAAABA,6.440407,7.162331
720,BBAAABAAAAAABABBABAB,3.9379663,8.108221
721,BBAAABAAAAAABBAABBAB,4.9484315,7.981018
722,BBAAABAAAAABBABBAAAB,9.473433,9.068107
723,BBAAABAAAABAAAABBBBA,5.03594,6.558441
724,BBAAABAAAABABBAAABAB,9.594459,9.170802
725,BBAAABAAAABBBAAABAAB,8.075638,6.130817
726,BBAAABAAABABABAABAAB,8.339089,5.339208
727,BBAAABAABAAAABAABBBA,7.2658815,6.4250937
728,BBAAABAABAAABBAAAABB,8.184751,5.9303513
729,BBAAABAABABABAAABBAA,8.427177,5.5531836
730,BBAAABABAAABAAABBBAA,8.315286,5.7584867
731,BBAAABBAAABABBAAABAA,8.154719,5.9824967
732,BBAAABBAABAAABBAABAA,8.382014,5.6879764
733,BBAAABBAABABAAABABAA,8.137969,5.3208942
734,BBAAABBBAAAABBBAAAAA,3.2836995,8.5952635
735,BBAAABBBAABAAAAABABA,8.998159,8.686977
736,BBAAABBBAABAAABAAAAB,7.0919766,6.4245515
737,BBAAABBBBAAAAABAAAAB,5.241604,6.6043525
738,BBAAABBBBAAABAAAABAA,4.9154854,5.9294896
739,BBAABAAAAAAABAABBBAB,3.47123,7.9153233
740,BBAABAAAAAABABBBABAA,7.2426786,7.8995376
741,BBAABAAAAABABBBAAABA,9.570775,9.152481
742,BBAABAAAABAABAABABAB,7.4690337,7.1369123
743,BBAABAAAABBBAAAABAAB,10.0177965,9.497226
744,BBAABAAABAAABAAABBBA,6.475815,6.1961584
745,BBAABAAABAAABABAABAB,7.6081324,6.0364585
746,BBAABAAABAABAABAABBA,7.5378966,5.2933173
747,BBAABAAABAABBABBAAAA,8.938998,8.760566
748,BBAABAAABAABBBAAABAA,7.8524528,6.240812
749,BBAABAABAAAABABAABAB,8.814541,8.276609
750,BBAABAABAAABBAABBAAA,8.080622,6.052757
751,BBAABAABAABAAABABAAB,7.534305,4.9706764
752,BBAABAABAABABAABABAA,8.2724285,4.072382
753,BBAABAABAABBAAABAAAB,8.4432,5.5680714
754,BBAABAABAABBAABABAAA,6.7296696,5.182153
755,BBAABAABABAABAAABBAA,8.378775,5.4742746
756,BBAABAABBAABAAAAAABB,9.327427,8.966958
757,BBAABAABBBBAAAABAAAA,4.1089582,8.007296
758,BBAABAABBBBBAAAAAAAA,2.0845947,9.401691
759,BBAABABAAAAABABBBAAA,8.976116,8.789584
760,BBAABABAAABAABAABABA,8.178069,3.1029708
761,BBAABABAABABAABAABAA,8.301025,2.932948
762,BBAABABAABABAABABAAA,7.4021044,3.9194312
763,BBAABABAABBAABAAABAA,5.763688,5.0651994
764,BBAABABABAAABABAAABA,7.2763395,4.020681
765,BBAABABABBAAABAAAABA,6.9690104,6.8728766
766,BBAABABBAAAAAABAABBA,4.792837,8.692938
767,BBAABABBAAAABAAABBAA,6.503968,6.3434615
768,BBAABABBAAABAABAABAA,6.175922,5.080745
769,BBAABABBBAAAABAAABAA,5.930448,5.9193654
770,BBAABBAAAABAAAABABBA,8.345785,8.403608
771,BBAABBAAAABABAAAABAB,10.050502,9.535974
772,BBAABBAAAABBABAABAAA,8.376757,8.381991
773,BBAABBAAABAAABBAABAA,6.8087077,6.062742
774,BBAABBAAABAABBAAAABA,7.571944,6.0771933
775,BBAABBAAABABAABAABAA,5.989735,4.7739115
776,BBAABBAABAAAAAABBBAA,8.166601,8.399544
777,BBAABBAABAABAAABABAA,5.904787,5.0225954
778,BBAABBAABBAABBAAAAAA,3.3606741,8.824119
779,BBAABBABABAAABAAAABA,5.636997,5.855287
780,BBAABBABBAAAAAABAAAB,6.985513,7.79114
781,BBAABBABBAAABAAABAAA,4.5496054,7.0613317
782,BBAABBBAAAAAABAABABA,7.8863144,8.238369
783,BBAABBBAAABAAAABAAAB,6.238793,6.2217617
784,BBAABBBBAAAAABAAABAA,4.608977,6.2471857
785,BBAABBBBAAABAAAABAAA,4.391068,6.4559193
786,BBAABBBBAABABAAAAAAA,2.0437362,9.2518
787,BBAABBBBBAAABAAAAAAA,2.0175514,9.572723
788,BBAABBBBBAABAAAAAAAA,2.0123003,9.512815
789,BBABAAAAAABAABBAABBA,7.3740463,7.6371093
790,BBABAAAAAABABABABAAB,4.590761,8.860289
791,BBABAAAAABABAAABABBA,9.981229,9.476484
792,BBABAAABAAAABABABBAA,8.967271,8.74325
793,BBABAAABAAABBAAABAAB,8.152203,5.949553
794,BBABAAABAAABBAAABABA,8.092925,5.9803395
795,BBABAAABAABAABBAABAA,7.301749,5.3138533
796,BBABAAABABBAAABAABAA,6.4886026,5.961154
797,BBABAABAAAAABAABAABB,7.558518,7.8828053
798,BBABAABAABAAABAAABAB,7.228891,6.3299203
799,BBABAABAABAABABAAABA,7.4251056,3.8392344
800,BBABAABAABBABABAAAAA,3.518598,8.789103
801,BBABAABBAAAABAABBAAA,8.634517,8.515478
802,BBABABAAAAAAABBABABA,3.4961042,8.787746
803,BBABABAAAABAAABBAABA,6.5045958,6.258614
804,BBABABAAABBAABAABAAA,6.116875,5.801748
805,BBABABAABAABAAABAAAB,6.2064686,5.950266
806,BBABABAABABAABAAAABA,5.431006,5.3014607
807,BBABABAABABAABAAABAA,5.7011404,4.96393
808,BBABABAABBAABAAAAAAB,7.0443788,7.7727375
809,BBABABABAABAAAABABAA,5.7781396,6.0344996
810,BBABABABBABAABAAAAAA,1.7740053,9.044187
811,BBABABBAAAAAAAABABBA,2.46824,8.522506
812,BBABABBAAABAAAABAAAB,5.5223985,6.248935
813,BBABABBAABAABAAAABAA,4.091774,6.458285
814,BBABABBABAAAAABAABAA,4.6469054,6.0870442
815,BBABABBBAAAABAABAAAA,3.2345688,7.770802
816,BBABABBBAAABAAAAAABA,3.8438995,7.107875
817,BBABABBBBBAAAAAAAAAA,1.4339151,9.661512
818,BBABBAAAAAAAAAABBBAB,1.5428294,9.558175
819,BBABBAAAABABBABAAAAA,2.6285152,8.74489
820,BBABBAAAABBBAAAAAABA,4.9877143,7.7327
821,BBABBAAAABBBBAAAAAAA,1.9845814,9.525961
822,BBABBAAABAAAAAABAABB,4.116926,8.054037
823,BBABBAAABAAAAAABABBA,6.768401,7.7863383
824,BBABBAAABAAABAAAABAB,5.6751575,6.188074
825,BBABBAAABAAABAAABAAB,6.089899,6.146926
826,BBABBAAABABBAAAAAABA,6.796115,7.7250295
827,BBABBAAABBABAAABAAAA,4.0448446,7.7153306
828,BBABBAABAAABAABAAABA,5.7509127,4.8647084
829,BBABBAABAABAAAABAABA,5.3754454,5.3164926
830,BBABBAABAABABAABAAAA,6.17579,6.6936913
831,BBABBAABABAABAAAAABA,5.2280397,6.357411
832,BBABBAABBAABABAAAAAA,2.2407637,8.679621
833,BBABBABAAAAABAABABAA,6.054369,6.832967
834,BBABBABAAABAABAAAAAB,5.6780763,6.355798
835,BBABBABAABAAABAABAAA,7.1113067,3.7605913
836,BBABBABABAAAAAAABBAA,3.5888088,7.7814317
837,BBABBABABAAAAABAABAA,4.031072,6.4848776
838,BBABBABABABAAABAAAAA,2.8071933,8.140637
839,BBABBABBAABBAAAAAAAA,1.279607,9.741965
840,BBABBBAAAAAAABAABABA,5.657534,7.329885
841,BBABBBAAAABAAAAAABAB,3.5742643,7.718732
842,BBABBBAAABAAAAAAABBA,3.781113,7.779266
843,BBABBBAAABAAABAAABAA,4.3378105,6.276149
844,BBABBBAABAAABAAAAABA,4.1763883,6.4910183
845,BBABBBAABABAAAAAAAAB,2.4758048,8.54553
846,BBABBBAABBAAAAAAABAA,2.1140597,8.744771
847,BBABBBAABBABAAAAAAAA,1.3127753,9.6621895
848,BBABBBABAAAAAAAAABAB,1.892709,8.956044
849,BBABBBABAAAAABBAAAAA,2.192194,8.641726
850,BBABBBABAABABAAAAAAA,1.5295811,9.287403
851,BBABBBABABAAAABAAAAA,1.8438447,8.987087
852,BBABBBBAAAAAAAAABABA,2.1269162,8.691958
853,BBABBBBAAABAAAAAAAAB,2.1641548,8.9309225
854,BBABBBBAABAAAAAAABAA,2.106221,8.749182
855,BBABBBBABBAAAAAAAAAA,1.2483566,9.755401
856,BBABBBBBAABAAAAAAAAA,1.2960418,9.693715
857,BBBAAAAAAAAABBBAAABB,2.6102524,8.719187
858,BBBAAAAAAAAABBBAABBA,3.4393585,8.213955
859,BBBAAAAAAABAAABBBBAA,4.7597623,7.8736424
860,BBBAAAAAAABAABBBABAA,4.664703,7.8459215
861,BBBAAAAAABAAAAABBABB,2.513366,8.485605
862,BBBAAAAAABABABAAABAB,8.9330635,8.741604
863,BBBAAAAAABABBABBAAAA,3.985585,8.179302
864,BBBAAAAAABABBBABAAAA,3.3642662,8.3237095
865,BBBAAAAAABBAAABBBAAA,7.870325,8.241708
866,BBBAAAAAABBABAAAABBA,9.629135,9.199584
867,BBBAAAAABAAAABABABBA,6.1728983,7.0918746
868,BBBAAAAABAAABBAABABA,8.199226,8.043695
869,BBBAAAAABABABBAAAABA,9.59667,9.1906395
870,BBBAAAAABBAABAAAABBA,9.04531,8.783241
871,BBBAAAAABBABABAAAABA,8.557916,8.537006
872,BBBAAAAABBBAAAABABAA,7.082664,6.5403266
873,BBBAAAABAABAAABAABBA,7.7598224,6.3887463
874,BBBAAAABAABAABAAABAB,7.7090206,6.4874387
875,BBBAAAABAABABBAAABAA,7.162702,6.407319
876,BBBAAAABAABBAAABAAAB,7.9581985,6.301942
877,BBBAAAABAABBBAAABAAA,6.920485,6.4727235
878,BBBAAAABABBABAAABAAA,6.3962846,7.162939
879,BBBAAAABBABAAABAAAAB,7.6099763,6.4980435
880,BBBAAABAAAAAAAABBABB,2.0991137,8.837692
881,BBBAAABAAAAAABBBAAAB,7.831861,8.2035475
882,BBBAAABAAAABBABAAAAB,7.614779,6.484118
883,BBBAAABAAABAABAAABBA,7.9289565,6.1484394
884,BBBAAABAABAABAAABBAA,8.037028,6.1244946
885,BBBAAABAABABAABAABAA,7.478555,3.8396025
886,BBBAAABABAAAAABABABA,9.498455,9.086205
887,BBBAAABABAAABAAAABAB,7.001948,6.43662
888,BBBAAABABABBAABAAAAA,3.3399875,8.500313
889,BBBAAABABBAAAAAABABA,9.060842,8.869833
890,BBBAAABABBAAAAAABBAA,7.8079333,8.176339
891,BBBAAABBAAAAABAABAAB,8.850494,8.662082
892,BBBAAABBAAABABAAABAA,7.480969,6.309558
893,BBBAAABBAABAAAAABBAA,8.922907,8.839658
894,BBBAAABBAABAAABAABAA,5.6227765,5.7961864
895,BBBAAABBAABAAABABAAA,7.659672,6.6128893
896,BBBAABAAAAABAAABABAB,7.5300136,8.058993
897,BBBAABAAAABABABAAABA,7.638148,6.4614105
898,BBBAABAAABAAABBAAABA,7.477085,6.397187
899,BBBAABAAABAAABBAABAA,7.122946,6.356261
900,BBBAABAAABAABAABBAAA,7.0042973,6.3480864
901,BBBAABAAABABBBAAAAAA,3.19983,8.395623
902,BBBAABAABAAAABABAABA,5.706953,5.5815067
903,BBBAABAABAABAABAAABA,5.789699,4.920814
904,BBBAABAABAABABAAAAAB,8.224813,8.055992
905,BBBAABAABAABABAAABAA,6.0021534,5.125941
906,BBBAABAABABAAAAABABA,8.304227,8.048588
907,BBBAABABAAAABAABBAAA,7.9071283,7.968321
908,BBBAABABAABAAAAAABBA,7.822883,8.005763
909,BBBAABABABABBAAAAAAA,2.178704,9.25948
910,BBBAABBAAABAABAABAAA,5.332661,5.379152
911,BBBAABBAABAAAABAAABA,5.323684,5.7225523
912,BBBAABBAABAAABAAAABA,4.9330006,5.8668346
913,BBBAABBABAAAAAAABAAB,4.385688,7.8692927
914,BBBAABBBAABAAAAAAABA,4.349217,7.3529143
915,BBBAABBBAABBAAAAAAAA,2.0731916,9.353644
916,BBBABAAAAAAABAABAABB,4.3167186,7.799289
917,BBBABAAAAAABAABABABA,7.709817,8.127433
918,BBBABAAAAAABAABBAAAB,7.936289,8.277399
919,BBBABAAAAAABBABBAAAA,4.4882507,7.9515195
920,BBBABAAAAABAAAAABABB,3.0506284,7.8223333
921,BBBABAAAAABAAAAABBBA,3.3144681,7.829935
922,BBBABAAAAABAAABAAABB,5.127784,6.7173
923,BBBABAAAAABABAAABAAB,8.869809,8.681345
924,BBBABAAAABAAAAABBBAA,5.329139,6.7308607
925,BBBABAAAABAAAABAABBA,5.9031415,6.5137553
926,BBBABAAABAAAAAAAABBB,2.3489552,8.596426
927,BBBABAAABAABAAAAABBA,6.0561247,6.360405
928,BBBABAAABABAAABAAAAB,6.3999453,6.2581525
929,BBBABAABAAABAAAABAAB,5.3689647,5.9916086
930,BBBABAABABABAABAAAAA,2.8425088,8.164455
931,BBBABABAAAAAAABAABBA,4.158767,7.615628
932,BBBABABAAAAABABABAAA,7.271648,7.8377013
933,BBBABABAAAAABBAAAABA,5.868718,6.437165
934,BBBABABAABAAAAABAAAB,6.662035,7.3639846
935,BBBABABAABAAABAABAAA,7.1018615,3.7947989
936,BBBABABAABAABAABAAAA,4.82159,5.9103823
937,BBBABABABAAAABABAAAA,4.240187,7.466531
938,BBBABABABAABAABAAAAA,2.5590932,8.318678
939,BBBABABBAABAAAAAABAA,2.962507,7.9134707
940,BBBABBAAAAAAAAAABABB,1.4341565,9.547429
941,BBBABBAAAAAAAAAABBAB,1.307213,9.64949
942,BBBABBAAAAAAAAABBABA,2.3851788,8.625147
943,BBBABBAAABBAAAABAAAA,2.9667194,7.9932017
944,BBBABBAABABAAAAAABAA,2.7265174,8.31805
945,BBBABBABAAAAABAAAABA,3.9748752,6.421757
946,BBBABBABBAABAAAAAAAA,1.3292478,9.672702
947,BBBABBBAAAABAAAAAABA,2.9439886,7.9484196
948,BBBABBBAAAABBAAAAAAA,1.3549633,9.647583
949,BBBABBBAABAAABAAAAAA,1.9463357,8.810012
950,BBBABBBABAAAAABAAAAA,1.7772993,8.958779
951,BBBABBBBAAAAAAAAAABA,1.3608968,9.621269
952,BBBABBBBAAAAAABAAAAA,1.4457002,9.414088
953,BBBBAAAAAAAAAABBBBAA,1.4357325,9.6026745
954,BBBBAAAAAAAABBBAAAAB,2.7646408,8.586328
955,BBBBAAAAAAABAAAAABBB,1.8090379,8.974615
956,BBBBAAAAAABAAABBBAAA,5.510329,6.775948
957,BBBBAAAAAABBAAAABABA,7.4063444,7.9515133
958,BBBBAAAAABAAAAABBAAB,4.0407686,7.613421
959,BBBBAAAAABABAAAAAABB,5.4205747,7.0735683
960,BBBBAAAAABABBAAABAAA,4.216992,7.5155725
961,BBBBAAAAABBAAABABAAA,6.8410673,6.5720453
962,BBBBAAAAABBBAAAAAAAB,4.1192536,7.638637
963,BBBBAAAABAAAABAAABBA,5.1920447,6.4225526
964,BBBBAAAABAAABAAAABBA,6.0502024,6.386723
965,BBBBAAAABAABBAABAAAA,7.2475038,7.8422523
966,BBBBAAAABABABAAAAABA,6.2000265,6.8203616
967,BBBBAAAABBAABABAAAAA,4.591271,7.7803774
968,BBBBAAABAAABAABAAABA,6.527692,6.256276
969,BBBBAAABAABBBAAAAAAA,2.0447168,8.793133
970,BBBBAABAAAAAAAABBBAA,3.5493102,7.9989142
971,BBBBAABAAAAAAABBAABA,7.39151,7.9388266
972,BBBBAABAAAAAABABAABA,7.4967647,7.8977704
973,BBBBAABAAAAAABABBAAA,6.853867,7.7535496
974,BBBBAABAAAAABAAAABBA,5.1200323,6.5809774
975,BBBBAABAAAABAABABAAA,5.9994245,6.3223195
976,BBBBAABAAABABAABAAAA,6.0291843,6.880248
977,BBBBAABAABAABAAAAAAB,6.3341866,6.8511825
978,BBBBAABABAAAAAABABAA,6.352794,7.3362355
979,BBBBAABBAAAAAABAAABA,4.845138,6.5735583
980,BBBBABAAAAABABAAABAA,5.2567406,6.5385303
981,BBBBABAAAABAAAAABBAA,3.910956,6.753303
982,BBBBABAAAABAAAABAAAB,4.826001,6.326417
983,BBBBABAAAABAAABAAAAB,4.5779495,6.392336
984,BBBBABAAAABAAABABAAA,5.0271263,6.016101
985,BBBBABAABAAAABAABAAA,4.7268414,5.8985095
986,BBBBABAABAABABAAAAAA,3.4987428,7.834405
987,BBBBABAABABAABAAAAAA,2.08558,8.763846
988,BBBBABAABBAAAAAAABAA,3.1227913,7.8791084
989,BBBBABAABBBAAAAAAAAA,1.3659596,9.619486
990,BBBBABABAAAAAAABAAAB,3.3087997,7.961225
991,BBBBABBAAAABAAAAABAA,3.9326832,6.5713077
992,BBBBABBABAAAAAAAAAAB,1.5420116,9.297161
993,BBBBABBABAABAAAAAAAA,1.4702512,9.613954
994,BBBBABBBABAAAAAAAAAA,1.3451546,9.660379
995,BBBBBAAAAAAAAAAABBBA,1.4258451,9.482579
996,BBBBBAAAAAAAAAABABAB,1.6135836,9.218523
997,BBBBBAAAAAAAAABAABBA,2.028665,8.893746
998,BBBBBAAAAAAABAAAABAB,2.6011724,8.252633
999,BBBBBAAAAAABABBAAAAA,2.2444668,8.589845
1000,BBBBBAAAAAABBAAAAABA,5.7003093,6.7843146
1001,BBBBBAAAABAAAAAAAABB,1.9121685,8.916038
1002,BBBBBAAAABAAAAABAABA,4.0653224,6.737441
1003,BBBBBAAABAAABABAAAAA,4.1614313,7.636999
1004,BBBBBAABAAAAABAAAABA,4.291182,6.468513
1005,BBBBBAABAABABAAAAAAA,2.026939,8.789875
1006,BBBBBABAAAAABABAAAAA,2.1246636,8.644499
1007,BBBBBABAAABBAAAAAAAA,1.4187727,9.554791
1008,BBBBBABABAAAAAAAAABA,2.0289967,8.73412
1009,BBBBBABBAAAAABAAAAAA,1.4862112,9.308424
1010,BBBBBABBABAAAAAAAAAA,1.3906567,9.577091
1011,BBBBBBAAAAAAAAAAAABB,1.5294522,9.324178
1012,BBBBBBAAAAAAAAAABABA,1.5036664,9.325873
1013,BBBBBBAAAAAAAAABBAAA,2.1905303,8.667431
1014,BBBBBBAAAAAAAABAABAA,3.4668863,7.9336042
1015,BBBBBBAABBAAAAAAAAAA,1.3767617,9.567395
1016,BBBBBBABAAAAAAAAABAA,1.981348,8.800228
1017,BBBBBBABAAAAAAAABAAA,2.1334763,8.638653
1018,BBBBBBBAAAAAABAAAAAA,1.5237005,9.291648
1019,BBBBBBBAAAAABAAAAAAA,1.5237991,9.304579
1020,BBBBBBBAABAAAAAAAAAA,1.504985,9.39051
1021,BBBBBBBBAAAAAAAAAAAA,1.5049053,9.336618
